column,counts_column,column_name,tag,tissue,replica,round,mutation,cell_lines,output,latent,n_sample,original_column,original_position,ancestor_column,ancestor_counts_column,total_reads,n_sequences_observed
1,2,r1_R1_G12D_A427_pos,r1 R1 G12D A427 pos,lung,1,1,G12D,A427,true,false,303,9,9,0,1,2757160,12082
2,3,r1_R1_G12V_CORL23_pos,r1 R1 G12V CORL23 pos,lung,1,1,G12V,CORL23,true,false,307,10,10,0,1,1351833,25672
3,4,r1_R1_WT_H1993_pos,r1 R1 WT H1993 pos,lung,1,1,WT,H1993,true,false,301,11,11,0,1,2024135,29225
4,5,r1_R1_G12C_H23_pos,r1 R1 G12C H23 pos,lung,1,1,G12C,H23,true,false,313,12,12,0,1,2463811,9184
5,6,r1_R2_G12D_A427_neg,r1 R2 G12D A427 neg,lung,1,2,G12D,A427,false,true,-1,0,0,1,2,0,0
6,7,r1_R2_G12V_CORL23_neg,r1 R2 G12V CORL23 neg,lung,1,2,G12V,CORL23,false,true,-1,0,0,2,3,0,0
7,8,r1_R2_WT_H1993_neg,r1 R2 WT H1993 neg,lung,1,2,WT,H1993,false,true,-1,0,0,3,4,0,0
8,9,r1_R2_G12C_H23_neg,r1 R2 G12C H23 neg,lung,1,2,G12C,H23,false,true,-1,0,0,4,5,0,0
9,10,r1_R3_G12D_A427_neg,r1 R3 G12D A427 neg,lung,1,3,G12D,A427,false,false,320,1,1,5,6,3092545,1372
10,11,r1_R3_G12D_A427_pos,r1 R3 G12D A427 pos,lung,1,3,G12D,A427,true,false,334,2,2,5,6,2042278,2396
11,12,r1_R3_G12V_CORL23_neg,r1 R3 G12V CORL23 neg,lung,1,3,G12V,CORL23,false,false,319,3,3,6,7,3045894,1756
12,13,r1_R3_G12V_CORL23_pos,r1 R3 G12V CORL23 pos,lung,1,3,G12V,CORL23,true,false,338,4,4,6,7,2297475,1472
13,14,r1_R3_WT_H1993_neg,r1 R3 WT H1993 neg,lung,1,3,WT,H1993,false,false,316,5,5,7,8,2407920,3710
14,15,r1_R3_WT_H1993_pos,r1 R3 WT H1993 pos,lung,1,3,WT,H1993,true,false,332,6,6,7,8,2485186,4252
15,16,r1_R3_G12C_H23_neg,r1 R3 G12C H23 neg,lung,1,3,G12C,H23,false,false,325,7,7,8,9,3191125,1686
16,17,r1_R3_G12C_H23_pos,r1 R3 G12C H23 pos,lung,1,3,G12C,H23,true,false,345,8,8,8,9,1579929,2181
17,18,r2_R1_G12D_A427_pos,r2 R1 G12D A427 pos,lung,2,1,G12D,A427,true,false,348,21,21,0,1,1032897,33010
18,19,r2_R1_G12V_CORL23_pos,r2 R1 G12V CORL23 pos,lung,2,1,G12V,CORL23,true,false,352,22,22,0,1,1112353,26721
19,20,r2_R1_WT_H1993_pos,r2 R1 WT H1993 pos,lung,2,1,WT,H1993,true,false,346,23,23,0,1,1645636,13991
20,21,r2_R1_G12C_H23_pos,r2 R1 G12C H23 pos,lung,2,1,G12C,H23,true,false,359,24,24,0,1,922525,20560
21,22,r2_R2_G12D_A427_neg,r2 R2 G12D A427 neg,lung,2,2,G12D,A427,false,true,-1,0,0,17,18,0,0
22,23,r2_R2_G12V_CORL23_neg,r2 R2 G12V CORL23 neg,lung,2,2,G12V,CORL23,false,true,-1,0,0,18,19,0,0
23,24,r2_R2_WT_H1993_neg,r2 R2 WT H1993 neg,lung,2,2,WT,H1993,false,true,-1,0,0,19,20,0,0
24,25,r2_R2_G12C_H23_neg,r2 R2 G12C H23 neg,lung,2,2,G12C,H23,false,true,-1,0,0,20,21,0,0
25,26,r2_R3_G12D_A427_neg,r2 R3 G12D A427 neg,lung,2,3,G12D,A427,false,false,364,13,13,21,22,236045,1253
26,27,r2_R3_G12D_A427_pos,r2 R3 G12D A427 pos,lung,2,3,G12D,A427,true,false,380,14,14,21,22,384725,3034
27,28,r2_R3_G12V_CORL23_neg,r2 R3 G12V CORL23 neg,lung,2,3,G12V,CORL23,false,false,368,15,15,22,23,512890,2367
28,29,r2_R3_G12V_CORL23_pos,r2 R3 G12V CORL23 pos,lung,2,3,G12V,CORL23,true,false,384,16,16,22,23,266274,11049
29,30,r2_R3_WT_H1993_neg,r2 R3 WT H1993 neg,lung,2,3,WT,H1993,false,false,362,17,17,23,24,474221,2036
30,31,r2_R3_WT_H1993_pos,r2 R3 WT H1993 pos,lung,2,3,WT,H1993,true,false,378,18,18,23,24,195678,1844
31,32,r2_R3_G12C_H23_neg,r2 R3 G12C H23 neg,lung,2,3,G12C,H23,false,false,375,19,19,24,25,2038300,16851
32,33,r2_R3_G12C_H23_pos,r2 R3 G12C H23 pos,lung,2,3,G12C,H23,true,false,392,20,20,24,25,299615,8211
